<?xml version="1.0" encoding="UTF-8"?><?xml-stylesheet type='text/xsl' href='_UpgradeReport_Files/UpgradeReport.xslt'?><UpgradeLog>
<Properties><Property Name="Solution" Value="comm_demo">
</Property><Property Name="解决方案文件" Value="D:\code\evb\comm_demo\comm_demo.sln">
</Property><Property Name="用户选项文件" Value="D:\code\evb\comm_demo\comm_demo.suo">
</Property><Property Name="Date" Value="2018年6月20日">
</Property><Property Name="Time" Value="10:07">
</Property></Properties><Event ErrorLevel="0" Project="" Source="comm_demo.sln" Description="文件已成功备份为 D:\code\evb\comm_demo\comm_demo.sln.old">
</Event><Event ErrorLevel="0" Project="" Source="comm_demo.suo" Description="文件已成功备份为 D:\code\evb\comm_demo\comm_demo.suo.old">
</Event><Event ErrorLevel="0" Project="comm_demo" Source="comm_demo\comm_demo.vcproj" Description="Converting project file 'D:\code\evb\comm_demo\comm_demo\comm_demo.vcproj'.">
</Event><Event ErrorLevel="1" Project="comm_demo" Source="comm_demo\comm_demo.vcproj" Description="VCWebServiceProxyGeneratorTool is no longer supported. The tool has been removed from your project settings.">
</Event><Event ErrorLevel="0" Project="comm_demo" Source="comm_demo\comm_demo.vcproj" Description="Done converting to new project file 'D:\code\evb\comm_demo\comm_demo\comm_demo.vcxproj'.">
</Event><Event ErrorLevel="3" Project="comm_demo" Source="comm_demo\comm_demo.vcproj" Description="Converted">
</Event><Event ErrorLevel="0" Project="" Source="comm_demo.sln" Description="成功转换解决方案">
</Event><Event ErrorLevel="3" Project="" Source="comm_demo.sln" Description="Converted">
</Event></UpgradeLog>